[
  {
    "id": "1754035658547",
    "customerName": "Клиент",
    "customerEmail": "client@example.com",
    "customerPhone": "+7 (999) 999-99-99",
    "serviceId": 1,
    "serviceName": "Фудтех-приложение",
    "totalPrice": 0,
    "status": "completed",
    "message": "Заказ услуги: Фудтех-приложение",
    "createdAt": "2025-08-01T08:07:38.547Z",
    "updatedAt": "2025-08-01T10:10:24.069Z"
  },
  {
    "id": "1754035672898",
    "customerName": "Клиент",
    "customerEmail": "client@example.com",
    "customerPhone": "+7 (999) 999-99-99",
    "serviceId": 1,
    "serviceName": "Фудтех-приложение",
    "totalPrice": 180000,
    "status": "completed",
    "message": "Заказ с настройкой функций",
    "createdAt": "2025-08-01T08:07:52.898Z",
    "updatedAt": "2025-08-01T10:59:17.482Z"
  },
  {
    "id": "1754036309196",
    "customerName": "Клиент",
    "customerEmail": "client@example.com",
    "customerPhone": "+7 (999) 999-99-99",
    "serviceId": 1,
    "serviceName": "Фудтех-приложение",
    "totalPrice": 0,
    "status": "pending",
    "message": "Заказ услуги: Фудтех-приложение",
    "createdAt": "2025-08-01T08:18:29.196Z",
    "updatedAt": "2025-08-01T08:18:29.196Z"
  },
  {
    "id": "1754036321768",
    "customerName": "Клиент",
    "customerEmail": "client@example.com",
    "customerPhone": "+7 (999) 999-99-99",
    "serviceId": 1,
    "serviceName": "Фудтех-приложение",
    "totalPrice": 180000,
    "status": "pending",
    "message": "Заказ с настройкой функций",
    "createdAt": "2025-08-01T08:18:41.768Z",
    "updatedAt": "2025-08-01T08:18:41.768Z"
  },
  {
    "id": "1754036581432",
    "customerName": "Клиент",
    "customerEmail": "client@example.com",
    "customerPhone": "+7 (999) 999-99-99",
    "serviceId": 1,
    "serviceName": "Фудтех-приложение",
    "totalPrice": 180000,
    "status": "pending",
    "message": "Заказ с настройкой функций",
    "createdAt": "2025-08-01T08:23:01.432Z",
    "updatedAt": "2025-08-01T08:23:01.432Z"
  },
  {
    "id": "1754038463798",
    "customerName": "Клиент",
    "customerEmail": "client@example.com",
    "customerPhone": "+7 (999) 999-99-99",
    "serviceId": 1,
    "serviceName": "Фудтех-приложение",
    "totalPrice": 0,
    "status": "pending",
    "message": "Заказ услуги: Фудтех-приложение",
    "createdAt": "2025-08-01T08:54:23.798Z",
    "updatedAt": "2025-08-01T08:54:23.799Z"
  },
  {
    "id": "1754039970592",
    "customerName": "Клиент",
    "customerEmail": "client@example.com",
    "customerPhone": "+7 (999) 999-99-99",
    "serviceId": 2,
    "serviceName": "Интернет-магазин",
    "totalPrice": 0,
    "status": "pending",
    "message": "Заказ услуги: Интернет-магазин",
    "createdAt": "2025-08-01T09:19:30.592Z",
    "updatedAt": "2025-08-01T09:19:30.592Z"
  },
  {
    "id": "1754039971935",
    "customerName": "Клиент",
    "customerEmail": "client@example.com",
    "customerPhone": "+7 (999) 999-99-99",
    "serviceId": 2,
    "serviceName": "Интернет-магазин",
    "totalPrice": 0,
    "status": "pending",
    "message": "Заказ услуги: Интернет-магазин",
    "createdAt": "2025-08-01T09:19:31.935Z",
    "updatedAt": "2025-08-01T09:19:31.935Z"
  },
  {
    "id": "1754043168197",
    "customerName": "Клиент",
    "customerEmail": "client@example.com",
    "customerPhone": "+7 (999) 999-99-99",
    "serviceId": 1,
    "serviceName": "Фудтех-приложение",
    "totalPrice": 180000,
    "status": "pending",
    "message": "Заказ с настройкой функций",
    "createdAt": "2025-08-01T10:12:48.197Z",
    "updatedAt": "2025-08-01T10:12:48.197Z"
  },
  {
    "id": "1754043243697",
    "customerName": "Клиент",
    "customerEmail": "client@example.com",
    "customerPhone": "+7 (999) 999-99-99",
    "serviceId": 1,
    "serviceName": "Фудтех-приложение",
    "totalPrice": 180000,
    "status": "pending",
    "message": "Заказ с настройкой функций",
    "createdAt": "2025-08-01T10:14:03.697Z",
    "updatedAt": "2025-08-01T10:14:03.697Z"
  },
  {
    "id": "1754043420055",
    "customerName": "Клиент",
    "customerEmail": "client@example.com",
    "customerPhone": "+7 (999) 999-99-99",
    "serviceId": 1,
    "serviceName": "Фудтех-приложение",
    "totalPrice": 180000,
    "status": "pending",
    "message": "Заказ с настройкой функций",
    "createdAt": "2025-08-01T10:17:00.055Z",
    "updatedAt": "2025-08-01T10:17:00.055Z"
  },
  {
    "id": "1754043700437",
    "customerName": "Клиент",
    "customerEmail": "client@example.com",
    "customerPhone": "+7 (999) 999-99-99",
    "serviceId": 1,
    "serviceName": "Фудтех-приложение",
    "totalPrice": 0,
    "status": "pending",
    "message": "Заказ услуги: Фудтех-приложение",
    "createdAt": "2025-08-01T10:21:40.437Z",
    "updatedAt": "2025-08-01T10:21:40.437Z"
  },
  {
    "id": "1754043711294",
    "customerName": "Клиент",
    "customerEmail": "client@example.com",
    "customerPhone": "+7 (999) 999-99-99",
    "serviceId": 1,
    "serviceName": "Фудтех-приложение",
    "totalPrice": 180000,
    "status": "pending",
    "message": "Заказ с настройкой функций",
    "createdAt": "2025-08-01T10:21:51.294Z",
    "updatedAt": "2025-08-01T10:21:51.295Z"
  },
  {
    "id": "1754043717765",
    "customerName": "Клиент",
    "customerEmail": "client@example.com",
    "customerPhone": "+7 (999) 999-99-99",
    "serviceId": 1,
    "serviceName": "Фудтех-приложение",
    "totalPrice": 0,
    "status": "pending",
    "message": "Заказ услуги: Фудтех-приложение",
    "createdAt": "2025-08-01T10:21:57.765Z",
    "updatedAt": "2025-08-01T10:21:57.765Z"
  },
  {
    "id": "1754043723904",
    "customerName": "Клиент",
    "customerEmail": "client@example.com",
    "customerPhone": "+7 (999) 999-99-99",
    "serviceId": 1,
    "serviceName": "Фудтех-приложение",
    "totalPrice": 180000,
    "status": "pending",
    "message": "Заказ с настройкой функций",
    "createdAt": "2025-08-01T10:22:03.904Z",
    "updatedAt": "2025-08-01T10:22:03.904Z"
  },
  {
    "id": "1754043749725",
    "customerName": "Клиент",
    "customerEmail": "client@example.com",
    "customerPhone": "+7 (999) 999-99-99",
    "serviceId": 1,
    "serviceName": "Фудтех-приложение",
    "totalPrice": 180000,
    "status": "pending",
    "message": "Заказ с настройкой функций",
    "createdAt": "2025-08-01T10:22:29.725Z",
    "updatedAt": "2025-08-01T10:22:29.725Z"
  },
  {
    "id": "1754043803091",
    "customerName": "Клиент",
    "customerEmail": "client@example.com",
    "customerPhone": "+7 (999) 999-99-99",
    "serviceId": 1,
    "serviceName": "Фудтех-приложение",
    "totalPrice": 0,
    "status": "pending",
    "message": "Заказ услуги: Фудтех-приложение",
    "createdAt": "2025-08-01T10:23:23.091Z",
    "updatedAt": "2025-08-01T10:23:23.091Z"
  },
  {
    "id": "1754043815903",
    "customerName": "Клиент",
    "customerEmail": "client@example.com",
    "customerPhone": "+7 (999) 999-99-99",
    "serviceId": 1,
    "serviceName": "Фудтех-приложение",
    "totalPrice": 180000,
    "status": "pending",
    "message": "Заказ с настройкой функций",
    "createdAt": "2025-08-01T10:23:35.903Z",
    "updatedAt": "2025-08-01T10:23:35.903Z"
  },
  {
    "id": "1754043908682",
    "customerName": "Клиент",
    "customerEmail": "client@example.com",
    "customerPhone": "+7 (999) 999-99-99",
    "serviceId": 1,
    "serviceName": "Фудтех-приложение",
    "totalPrice": 180000,
    "status": "pending",
    "message": "Заказ с настройкой функций",
    "createdAt": "2025-08-01T10:25:08.682Z",
    "updatedAt": "2025-08-01T10:25:08.682Z"
  },
  {
    "id": "1754044049386",
    "customerName": "Клиент",
    "customerEmail": "client@example.com",
    "customerPhone": "+7 (999) 999-99-99",
    "serviceId": 1,
    "serviceName": "Фудтех-приложение",
    "totalPrice": 180000,
    "status": "pending",
    "message": "Заказ с настройкой функций",
    "createdAt": "2025-08-01T10:27:29.386Z",
    "updatedAt": "2025-08-01T10:27:29.386Z"
  },
  {
    "id": "1754044159140",
    "customerName": "Клиент",
    "customerEmail": "client@example.com",
    "customerPhone": "+7 (999) 999-99-99",
    "serviceId": 1,
    "serviceName": "Фудтех-приложение",
    "totalPrice": 180000,
    "status": "pending",
    "message": "Заказ с настройкой функций",
    "createdAt": "2025-08-01T10:29:19.140Z",
    "updatedAt": "2025-08-01T10:29:19.140Z"
  },
  {
    "id": "1754044208677",
    "customerName": "Клиент",
    "customerEmail": "client@example.com",
    "customerPhone": "+7 (999) 999-99-99",
    "serviceId": 1,
    "serviceName": "Фудтех-приложение",
    "totalPrice": 180000,
    "status": "completed",
    "message": "Заказ с настройкой функций",
    "createdAt": "2025-08-01T10:30:08.677Z",
    "updatedAt": "2025-08-01T10:59:15.330Z"
  },
  {
    "id": "1754044337977",
    "customerName": "Клиент",
    "customerEmail": "client@example.com",
    "customerPhone": "+7 (999) 999-99-99",
    "serviceId": 1,
    "serviceName": "Фудтех-приложение",
    "totalPrice": 180000,
    "status": "completed",
    "message": "Заказ с настройкой функций",
    "createdAt": "2025-08-01T10:32:17.977Z",
    "updatedAt": "2025-08-01T10:59:12.193Z"
  },
  {
    "id": "1754048965599",
    "customerName": "Клиент",
    "customerEmail": "client@example.com",
    "customerPhone": "+7 (999) 999-99-99",
    "serviceId": 1,
    "serviceName": "Фудтех-приложение",
    "totalPrice": 142000,
    "status": "in_progress",
    "message": "Заказ с настройкой функций",
    "createdAt": "2025-08-01T11:49:25.599Z",
    "updatedAt": "2025-08-01T11:56:57.139Z"
  }
]