[
  {
    "id": 1,
    "name": "Фудтех-приложение",
    "category": "Приложения",
    "price": "100 000 ₽ +",
    "description": "Полный набор функций для работы с заказами на доставку. Подходит для ресторанов, сервисов по доставке готовой еды или продуктов.",
    "image": "/images/foodtech-application.png",
    "features": [
      "Регистрация и авторизация",
      "Профиль пользователя",
      "Корзина и оформление заказа"
    ]
  },
  {
    "id": 2,
    "name": "Интернет-магазин",
    "category": "Приложения",
    "price": "80 000 ₽ +",
    "description": "Современный интернет-магазин с полным функционалом для продаж.",
    "image": "/images/online-store.png",
    "features": [
      "Каталог товаров",
      "Корзина",
      "Оплата",
      "Личный кабинет"
    ]
  },
  {
    "id": 3,
    "name": "Социальная сеть",
    "category": "Приложения",
    "price": "120 000 ₽ +",
    "description": "Современная социальная платформа с функциями общения и обмена контентом.",
    "image": "/images/social-network-application.png",
    "features": [
      "Профили пользователей",
      "Лента новостей",
      "Мессенджер",
      "Медиа-контент"
    ]
  },
  {
    "id": 4,
    "name": "Образовательная платформа",
    "category": "Приложения",
    "price": "90 000 ₽ +",
    "description": "Интерактивная платформа для онлайн-обучения с различными форматами контента.",
    "image": "/images/learning-application.png",
    "features": [
      "Курсы и уроки",
      "Тесты и оценки",
      "Прогресс обучения",
      "Форум"
    ]
  },
  {
    "id": 5,
    "name": "Система бронирования",
    "category": "Сервисы",
    "price": "70 000 ₽ +",
    "description": "Удобная система для бронирования услуг, столиков и мероприятий.",
    "image": "/images/booking-service.png",
    "features": [
      "Календарь бронирований",
      "Управление расписанием",
      "Уведомления",
      "Оплата"
    ]
  },
  {
    "id": 6,
    "name": "Сервис доставки",
    "category": "Сервисы",
    "price": "85 000 ₽ +",
    "description": "Комплексное решение для логистики и доставки товаров.",
    "image": "/images/deliver-services.png",
    "features": [
      "Отслеживание заказов",
      "Геолокация",
      "Уведомления",
      "Аналитика"
    ]
  },
  {
    "id": 1754038308256,
    "name": "123213",
    "category": "Приложения",
    "price": "213213",
    "description": "2131231",
    "image": "https://encrypted-tbn0.gstatic.com/images?q=tbn:ANd9GcQ39dkPA2F9XXTngl9AN0aGtmqOX0UxXJQ09A&s",
    "features": []
  },
  {
    "id": 1754046491722,
    "name": "Новая услуга в категории 12213",
    "category": "12213",
    "price": "от 50 000 ₽",
    "description": "Описание новой услуги",
    "image": "/images/foodtech-application.png",
    "features": [
      "Функция 1",
      "Функция 2",
      "Функция 3"
    ]
  }
]